INSERT INTO user(uuid, about, cpf, email, first_name, gender, last_name, login, member_since, password, phone, profile_image_url, refresh_token, refresh_token_expiration) VALUES('ebf75b35-a127-4e9a-860a-1aec6f56d1c1', 'The master account', NULL, 'master@gmail.com', 'Carus', NULL, 'Master', 'master', '2022-11-06', '$2a$10$Q3z73RSdgmPh7qcp2.8mveN7zncs7k3yT4Y.tKNWlZuoY9yM3arpa', NULL, NULL, 'eyJ0eXAiOiJKV1QiLCJhbGciOiJIUzUxMiJ9.eyJzdWIiOiJtYXN0ZXIiLCJleHAiOjMzNjcwNDIxNzB9.dxx5abEhlzJMjGyil-dmQcS2r-O9WiwPK1IG_YgSI8fTIYmDM_34qdwEmgxNRg_KUKZYMO6qNrkEDR283E3YmA', '2023-11-06 15:14:45.000');
INSERT INTO user(uuid, about, cpf, email, first_name, gender, last_name, login, member_since, password, phone, profile_image_url, refresh_token, refresh_token_expiration) VALUES('ebf85b35-a127-4e9a-860a-1aec6f56d1c1', 'The submaster account', NULL, 'master2@gmail.com', 'Carus', NULL, 'Submaster', 'submaster', '2022-11-06', '$2a$10$Q3z73RSdgmPh7qcp2.8mveN7zncs7k3yT4Y.tKNWlZuoY9yM3arpa', NULL, NULL, 'eyJ0eXAiOiJKV1QiLCJhbGciOiJIUzUxMiJ9.eyJzdWIiOiJtYXN0ZXIiLCJleHAiOjMzNjcwNDIxNzB9.dxx5abEhlzJMjGyil-dmQcS2r-O9WiwPK1IG_YgSI8fTIYmDM_34qdwEmgxNRg_KUKZYMO6qNrkEDR283E3YmA', '2023-11-06 15:14:45.000');
INSERT INTO car(id, address, brand, category, description, doors, fuel, gear_shift, latitude, longitude, model, plate, price, seats, trunk, `year`, user_uuid) VALUES(1, 'Rua Adrécio da silva', 'Chevrolet', 'HATCHBACK', 'Que carro bacana meus amiguinhos', 4, 'GASOLINE', 'MANUAL', -26.68579, -49.1567383, 'Astra', 'MGC4509', 34.6, 5, 2, 2002, 'ebf75b35-a127-4e9a-860a-1aec6f56d1c1');
INSERT INTO car(id, address, brand, category, description, doors, fuel, gear_shift, latitude, longitude, model, plate, price, seats, trunk, `year`, user_uuid) VALUES(2, 'Rua Adrécio da silva', 'Chevrolet', 'SEDAN', 'Que carro bacana meus amiguinhos', 4, 'DIESEL', 'MANUAL', -26.68579000, -49.15673830, 'Corsa', 'MGC4529', 34.6, 5, 2, 2004, 'ebf75b35-a127-4e9a-860a-1aec6f56d1c1');
INSERT INTO car(id, address, brand, category, description, doors, fuel, gear_shift, latitude, longitude, model, plate, price, seats, trunk, `year`, user_uuid) VALUES(3, 'Rua Adrécio da silva', 'Hyundai', 'HATCHBACK', 'Que carro bacana meus amiguinhos', 4, 'GASOLINE', 'AUTOMATIC', -26.68579000, -49.15673830, 'HB20', 'GGC4532', 50.6, 5, 2, 2020, 'ebf75b35-a127-4e9a-860a-1aec6f56d1c1');
INSERT INTO car(id, address, brand, category, description, doors, fuel, gear_shift, latitude, longitude, model, plate, price, seats, trunk, `year`, user_uuid) VALUES(4, 'Rua Monteiro Lobato, 82', 'Porsche', 'SEDAN', 'Que carro bacana meus amiguinhos', 2, 'GASOLINE', 'AUTOMATIC', -26.68579000, -49.15673830, 'Carrera GT', 'RRC4532', 202.6, 2, 0, 2022, 'ebf75b35-a127-4e9a-860a-1aec6f56d1c1');
INSERT INTO car(id, address, brand, category, description, doors, fuel, gear_shift, latitude, longitude, model, plate, price, seats, trunk, `year`, user_uuid) VALUES(5, 'Rua Antonio Junkes, 86', 'Audi', 'WAGON', 'Que carro bacana meus amiguinhos', 4, 'GASOLINE', 'AUTOMATIC', -26.68579000, -49.15673830, 'A4 Avant', 'RRC8932', 47.6, 5, 6, 2022, 'ebf75b35-a127-4e9a-860a-1aec6f56d1c1');
INSERT INTO rate_user(id, date, description, rate, evaluator_user_uuid, rated_user_uuid) VALUES(1, '2022-08-08', 'Ótimo carro', 5.00, 'ebf85b35-a127-4e9a-860a-1aec6f56d1c1', 'ebf75b35-a127-4e9a-860a-1aec6f56d1c1');
INSERT INTO rate_user(id, date, description, rate, evaluator_user_uuid, rated_user_uuid) VALUES(2, '2022-08-08', 'Bom carro', 4.00, 'ebf85b35-a127-4e9a-860a-1aec6f56d1c1', 'ebf75b35-a127-4e9a-860a-1aec6f56d1c1');
INSERT INTO rate_car(id, date, description, rate, car_id, location_id, user_uuid) VALUES(1, '2022-08-08', 'Belo carro', 5.0, 1, NULL, 'ebf85b35-a127-4e9a-860a-1aec6f56d1c1');
INSERT INTO rate_car(id, date, description, rate, car_id, location_id, user_uuid) VALUES(2, '2022-08-08', 'Mais ou menos', 2.0, 1, NULL, 'ebf85b35-a127-4e9a-860a-1aec6f56d1c1');
INSERT INTO rental(id, address, is_review, latitude, location_date, longitude, price, return_date, status, car_id, user_uuid) VALUES(1, 'Rua Hermann Weege, 151 - Centro, Pomerode - SC, 89107-000, Brasil', 1 , -26.68579, '2019-03-31 22:32:07.000', -49.1567383, 25.00, '2019-03-31 22:32:07.000', 'RENTED', 1, 'ebf75b35-a127-4e9a-860a-1aec6f56d1c1');
INSERT INTO image(id, url) VALUES(1, 'www.google.com');
INSERT INTO image(id, url) VALUES(2, 'www.google.com');
INSERT INTO image(id, url) VALUES(3, 'www.google.com');
INSERT INTO image(id, url) VALUES(4, 'www.google.com');
INSERT INTO image(id, url) VALUES(5, 'www.google.com');
INSERT INTO image(id, url) VALUES(6, 'www.google.com');
INSERT INTO image(id, url) VALUES(7, 'www.google.com');
INSERT INTO image(id, url) VALUES(8, 'www.google.com');
INSERT INTO image(id, url) VALUES(9, 'www.google.com');
INSERT INTO image(id, url) VALUES(10, 'www.google.com');
INSERT INTO image(id, url) VALUES(11, 'www.google.com');
INSERT INTO car_image(car_id, image_id) VALUES(1, 1);
INSERT INTO car_image(car_id, image_id) VALUES(1, 2);
INSERT INTO car_image(car_id, image_id) VALUES(1, 3);
INSERT INTO car_image(car_id, image_id) VALUES(2, 4);
INSERT INTO car_image(car_id, image_id) VALUES(2, 5);
INSERT INTO car_image(car_id, image_id) VALUES(3, 6);
INSERT INTO car_image(car_id, image_id) VALUES(3, 7);
INSERT INTO car_image(car_id, image_id) VALUES(4, 8);
INSERT INTO car_image(car_id, image_id) VALUES(4, 9);
INSERT INTO car_image(car_id, image_id) VALUES(4, 10);
INSERT INTO car_image(car_id, image_id) VALUES(5, 11);